[
	{
		"inputs": [],
		"stateMutability": "nonpayable",
		"type": "constructor"
	},
	{
		"anonymous": false,
		"inputs": [
			{
				"indexed": false,
				"internalType": "string[]",
				"name": "datesBooked",
				"type": "string[]"
			},
			{
				"indexed": false,
				"internalType": "uint256",
				"name": "id",
				"type": "uint256"
			},
			{
				"indexed": false,
				"internalType": "address",
				"name": "booker",
				"type": "address"
			},
			{
				"indexed": false,
				"internalType": "string",
				"name": "city",
				"type": "string"
			},
			{
				"indexed": false,
				"internalType": "string",
				"name": "imgUrl",
				"type": "string"
			}
		],
		"name": "newDatesBooked",
		"type": "event"
	},
	{
		"anonymous": false,
		"inputs": [
			{
				"indexed": false,
				"internalType": "string",
				"name": "name",
				"type": "string"
			},
			{
				"indexed": false,
				"internalType": "string",
				"name": "city",
				"type": "string"
			},
			{
				"indexed": false,
				"internalType": "string",
				"name": "lat",
				"type": "string"
			},
			{
				"indexed": false,
				"internalType": "string",
				"name": "long",
				"type": "string"
			},
			{
				"indexed": false,
				"internalType": "string",
				"name": "unoDescription",
				"type": "string"
			},
			{
				"indexed": false,
				"internalType": "string",
				"name": "dosDescription",
				"type": "string"
			},
			{
				"indexed": false,
				"internalType": "string",
				"name": "imgUrl",
				"type": "string"
			},
			{
				"indexed": false,
				"internalType": "uint256",
				"name": "pricePerDay",
				"type": "uint256"
			},
			{
				"indexed": false,
				"internalType": "string[]",
				"name": "datesBooked",
				"type": "string[]"
			},
			{
				"indexed": false,
				"internalType": "uint256",
				"name": "id",
				"type": "uint256"
			},
			{
				"indexed": false,
				"internalType": "address",
				"name": "renter",
				"type": "address"
			}
		],
		"name": "rentalCreated",
		"type": "event"
	},
	{
		"inputs": [
			{
				"internalType": "uint256",
				"name": "id",
				"type": "uint256"
			},
			{
				"internalType": "string[]",
				"name": "newBookings",
				"type": "string[]"
			}
		],
		"name": "addDatesBooked",
		"outputs": [],
		"stateMutability": "payable",
		"type": "function"
	},
	{
		"inputs": [
			{
				"internalType": "string",
				"name": "_name",
				"type": "string"
			},
			{
				"internalType": "string",
				"name": "_city",
				"type": "string"
			},
			{
				"internalType": "string",
				"name": "_lat",
				"type": "string"
			},
			{
				"internalType": "string",
				"name": "_long",
				"type": "string"
			},
			{
				"internalType": "string",
				"name": "_unoDescription",
				"type": "string"
			},
			{
				"internalType": "string",
				"name": "_dosDescription",
				"type": "string"
			},
			{
				"internalType": "string",
				"name": "_imgUrl",
				"type": "string"
			},
			{
				"internalType": "uint256",
				"name": "_pricePerDay",
				"type": "uint256"
			},
			{
				"internalType": "string[]",
				"name": "_datesBooked",
				"type": "string[]"
			}
		],
		"name": "addRentals",
		"outputs": [],
		"stateMutability": "nonpayable",
		"type": "function"
	},
	{
		"inputs": [],
		"name": "counter",
		"outputs": [
			{
				"internalType": "uint256",
				"name": "",
				"type": "uint256"
			}
		],
		"stateMutability": "view",
		"type": "function"
	},
	{
		"inputs": [
			{
				"internalType": "uint256",
				"name": "id",
				"type": "uint256"
			}
		],
		"name": "getRental",
		"outputs": [
			{
				"internalType": "string",
				"name": "",
				"type": "string"
			},
			{
				"internalType": "uint256",
				"name": "",
				"type": "uint256"
			},
			{
				"internalType": "string[]",
				"name": "",
				"type": "string[]"
			}
		],
		"stateMutability": "view",
		"type": "function"
	},
	{
		"inputs": [
			{
				"internalType": "uint256",
				"name": "",
				"type": "uint256"
			}
		],
		"name": "labours",
		"outputs": [
			{
				"internalType": "address payable",
				"name": "",
				"type": "address"
			}
		],
		"stateMutability": "view",
		"type": "function"
	},
	{
		"inputs": [],
		"name": "owner",
		"outputs": [
			{
				"internalType": "address",
				"name": "",
				"type": "address"
			}
		],
		"stateMutability": "view",
		"type": "function"
	},
	{
		"inputs": [
			{
				"internalType": "uint256",
				"name": "",
				"type": "uint256"
			}
		],
		"name": "rentalIds",
		"outputs": [
			{
				"internalType": "uint256",
				"name": "",
				"type": "uint256"
			}
		],
		"stateMutability": "view",
		"type": "function"
	}
]